ID;Voornaam;Tussenvoegsel;Achternaam;Soort rijbewijs;Nationaliteit rijbewijs;Werkdagen;Inlognaam;Wachtwoord
1;Ricky;de;Groene;C;EU;3;r.groene;Q81m6565zb
2;Kasper;;Opdam;C;EU;5;k.opdam;0V69B7YF8i
3;Sjoerd;;Hendrix;C;EU;2;S.hendrix;rLzng9S89g
4;Luc;van;Engelen;C;EU;5;l.engelen;R4D4z21pxn
5;Youri;;Spa;C;EU;3;y.spa;8db75hZh1i
6;Jan;van de;Berg;C;EU;2;j.berg;CFGc69o7Kq
7;Joop;van;Ede;C;NL;1;j.ede;5O9rOt5n7P
8;Bart;de;Jong;C;NL;2;o.jong;VN84I3nu2m
9;Susan;;Havinga;C;NL;5;s.havinga;xU3YGYwe8D
10;Laura;de;Groot;C;NL;1;l.groot;hpDpq85NuZ
11;Piet;de;Klerck;C;NL;4;p.klerck;7G6p3sHE7t
12;Sjef;;Smits;C;BENELUX;5;s.smits;PM5hgO3i5s
13;Rosa;;Veenstra;C;BENELUX;4;r.veenstra;RQAdU5Rr34
14;Henry;;Burgers;C;BENELUX;2;h.burgers;o1U62Eiv84
15;Cor;;Vink;C;BENELUX;2;c.vink;6SBS3IY8nP
16;Tom;;Schotten;C;BENELUX;2;t.schotten;jAWc270F16
17;Bas;van de;Brink;C;NL + B;3;b.brink;GB0rqQG4x2
18;Klaas;de;Boer;C;NL + D;5;k.boer;5pF5AC0IhZ
19;Sofie;de;Vos;C;NL + D;2;s.vos;kuRH1321me
20;Max;de;Koning;C;NL + D;2;m.koning;c91u7K28ZA
21;Piet;de;Leeuw;D;EU;4;p.leeuw;JF6WO36kEa
22;Bart;;Vaessen;D;EU;3;b.vaessen;kuJr8n5r6d
23;Jan;;Jansen;D;NL;1;j.jansen;C038472XFi
24;Henk;de;Rechter;D;NL;5;h.rechter;bm699iJScZ
25;Rik;;Lamers;D;NL + D;4;r.lamers;i7Pz5NjOe9
